{"train_loss": 0.5548080801963806, "train_acc": 0.875, "train_f1": 0.875, "epoch": 8, "trainer/global_step": 10549, "_timestamp": 1717675495.4334383, "_runtime": 775.9531052112579, "_step": 237, "val_loss": 0.9969037771224976, "val_acc": 0.6917062401771545, "val_f1": 0.6598672270774841, "gradients/nn.clf.bias": {"_type": "histogram", "values": [1.0, 0.0, 0.0, 0.0, 0.0, 0.0, 0.0, 0.0, 0.0, 0.0, 0.0, 0.0, 0.0, 0.0, 0.0, 0.0, 0.0, 0.0, 0.0, 0.0, 0.0, 0.0, 0.0, 0.0, 0.0, 0.0, 0.0, 0.0, 0.0, 1.0, 0.0, 0.0, 0.0, 0.0, 0.0, 0.0, 0.0, 0.0, 0.0, 1.0, 0.0, 0.0, 0.0, 0.0, 0.0, 0.0, 0.0, 0.0, 0.0, 0.0, 1.0, 0.0, 0.0, 0.0, 0.0, 0.0, 0.0, 0.0, 0.0, 0.0, 0.0, 0.0, 0.0, 1.0], "bins": [-0.09659349918365479, -0.09396494179964066, -0.09133638441562653, -0.088707834482193, -0.08607927709817886, -0.08345071971416473, -0.0808221623301506, -0.07819360494613647, -0.07556505501270294, -0.07293649762868881, -0.07030794024467468, -0.06767938286066055, -0.06505082547664642, -0.06242227181792259, -0.05979371443390846, -0.05716516077518463, -0.0545366033911705, -0.05190804600715637, -0.04927949234843254, -0.04665093496441841, -0.04402238130569458, -0.04139382392168045, -0.03876526653766632, -0.03613671287894249, -0.03350815176963806, -0.03087960183620453, -0.0282510444521904, -0.02562248706817627, -0.02299392968416214, -0.02036537230014801, -0.017736822366714478, -0.015108264982700348, -0.012479707598686218, -0.009851150214672089, -0.007222592830657959, -0.004594042897224426, -0.0019654855132102966, 0.000663071870803833, 0.0032916292548179626, 0.005920186638832092, 0.008548736572265625, 0.011177297681570053, 0.013805851340293884, 0.016434408724308014, 0.019062966108322144, 0.021691519767045975, 0.024320077151060104, 0.026948630809783936, 0.029577188193798065, 0.032205745577812195, 0.034834299236536026, 0.037462856620550156, 0.04009141027927399, 0.042719967663288116, 0.045348525047302246, 0.047977082431316376, 0.05060563609004021, 0.05323418974876404, 0.05586274713277817, 0.0584913045167923, 0.06111986190080643, 0.06374841928482056, 0.06637696921825409, 0.06900552660226822, 0.07163408398628235]}, "gradients/nn.clf.weight": {"_type": "histogram", "values": [1.0, 0.0, 0.0, 1.0, 0.0, 0.0, 1.0, 0.0, 0.0, 1.0, 3.0, 3.0, 0.0, 1.0, 4.0, 2.0, 5.0, 5.0, 6.0, 6.0, 2.0, 5.0, 11.0, 12.0, 18.0, 16.0, 20.0, 17.0, 21.0, 30.0, 30.0, 49.0, 75.0, 77.0, 96.0, 212.0, 578.0, 244.0, 152.0, 104.0, 57.0, 36.0, 27.0, 24.0, 15.0, 15.0, 12.0, 7.0, 4.0, 6.0, 4.0, 5.0, 5.0, 2.0, 1.0, 6.0, 1.0, 0.0, 2.0, 0.0, 0.0, 0.0, 2.0, 1.0], "bins": [-0.23489712178707123, -0.22836585342884064, -0.22183458507061005, -0.21530333161354065, -0.20877206325531006, -0.20224079489707947, -0.19570952653884888, -0.1891782581806183, -0.1826469898223877, -0.1761157214641571, -0.1695844531059265, -0.16305318474769592, -0.15652193129062653, -0.14999066293239594, -0.14345939457416534, -0.13692814111709595, -0.13039687275886536, -0.12386559695005417, -0.11733433604240417, -0.11080306768417358, -0.104271799325943, -0.0977405309677124, -0.09120926260948181, -0.08467800915241241, -0.07814674079418182, -0.07161547243595123, -0.06508420407772064, -0.05855293571949005, -0.05202166736125946, -0.045490413904190063, -0.03895914554595947, -0.03242787718772888, -0.02589660882949829, -0.0193653404712677, -0.01283407211303711, -0.0063028037548065186, 0.00022844970226287842, 0.006759718060493469, 0.01329098641872406, 0.01982225477695465, 0.02635352313518524, 0.03288479149341583, 0.03941604495048523, 0.04594731330871582, 0.05247858166694641, 0.059009850025177, 0.06554111838340759, 0.07207237929105759, 0.07860364764928818, 0.08513491600751877, 0.09166617691516876, 0.09819744527339935, 0.10472871363162994, 0.11125997453927994, 0.11779124289751053, 0.12432251125574112, 0.1308537721633911, 0.1373850405216217, 0.1439163088798523, 0.15044757723808289, 0.15697884559631348, 0.16351011395454407, 0.17004136741161346, 0.17657263576984406, 0.18310390412807465]}, "gradients/nn.epoch_encoder.feature_extractor.4.weight": {"_type": "histogram", "values": [2.0, 3.0, 5.0, 3.0, 5.0, 9.0, 10.0, 15.0, 12.0, 11.0, 10.0, 9.0, 10.0, 13.0, 15.0, 22.0, 20.0, 27.0, 22.0, 33.0, 49.0, 41.0, 51.0, 62.0, 67.0, 88.0, 108.0, 108.0, 124.0, 153.0, 154.0, 192.0, 129.0, 113.0, 114.0, 124.0, 151.0, 138.0, 107.0, 96.0, 97.0, 91.0, 77.0, 60.0, 58.0, 58.0, 43.0, 37.0, 35.0, 27.0, 24.0, 22.0, 23.0, 25.0, 17.0, 22.0, 15.0, 13.0, 15.0, 5.0, 3.0, 4.0, 3.0, 1.0], "bins": [-0.16039828956127167, -0.1554965376853943, -0.1505947709083557, -0.14569300413131714, -0.14079125225543976, -0.13588950037956238, -0.1309877336025238, -0.12608596682548523, -0.12118421494960785, -0.11628245562314987, -0.1113806962966919, -0.10647893697023392, -0.10157717764377594, -0.09667541831731796, -0.09177365899085999, -0.08687189966440201, -0.08197014033794403, -0.07706838101148605, -0.07216662168502808, -0.0672648623585701, -0.06236310303211212, -0.057461343705654144, -0.05255958437919617, -0.04765782505273819, -0.04275606572628021, -0.037854306399822235, -0.03295254707336426, -0.028050795197486877, -0.023149028420448303, -0.01824726164340973, -0.013345509767532349, -0.008443757891654968, -0.003542006015777588, 0.0013597607612609863, 0.006261512637138367, 0.011163264513015747, 0.01606503129005432, 0.020966798067092896, 0.025868549942970276, 0.030770309269428253, 0.03567206859588623, 0.04057382792234421, 0.045475587248802185, 0.05037734657526016, 0.05527910590171814, 0.06018086522817612, 0.0650826245546341, 0.06998438388109207, 0.07488614320755005, 0.07978790253400803, 0.084689661860466, 0.08959142118692398, 0.09449318051338196, 0.09939493983983994, 0.10429669916629791, 0.10919845849275589, 0.11410021781921387, 0.11900197714567184, 0.12390373647212982, 0.1288054883480072, 0.13370725512504578, 0.13860902190208435, 0.14351077377796173, 0.1484125256538391, 0.15331429243087769]}, "gradients/nn.epoch_encoder.feature_extractor.4.bias": {"_type": "histogram", "values": [1.0, 0.0, 0.0, 0.0, 0.0, 0.0, 0.0, 0.0, 0.0, 0.0, 0.0, 0.0, 0.0, 0.0, 0.0, 0.0, 0.0, 0.0, 0.0, 0.0, 0.0, 0.0, 0.0, 0.0, 0.0, 0.0, 0.0, 0.0, 0.0, 1.0, 0.0, 0.0, 0.0, 1.0, 0.0, 0.0, 0.0, 1.0, 0.0, 0.0, 0.0, 0.0, 0.0, 0.0, 0.0, 0.0, 0.0, 0.0, 1.0, 0.0, 0.0, 0.0, 0.0, 1.0, 0.0, 0.0, 0.0, 0.0, 0.0, 0.0, 0.0, 0.0, 0.0, 2.0], "bins": [-0.3791402578353882, -0.36861562728881836, -0.35809099674224854, -0.3475663661956787, -0.3370417654514313, -0.32651713490486145, -0.3159925043582916, -0.3054678738117218, -0.29494327306747437, -0.28441864252090454, -0.2738940119743347, -0.2633693814277649, -0.25284475088119507, -0.24232013523578644, -0.2317955046892166, -0.22127088904380798, -0.21074625849723816, -0.20022162795066833, -0.1896970123052597, -0.17917238175868988, -0.16864776611328125, -0.15812313556671143, -0.1475985050201416, -0.13707388937473297, -0.12654924392700195, -0.11602464318275452, -0.10550001263618469, -0.09497538208961487, -0.08445075154304504, -0.07392612099647522, -0.06340152025222778, -0.05287688970565796, -0.04235228896141052, -0.0318276584148407, -0.021303027868270874, -0.010778427124023438, -0.0002537965774536133, 0.010270833969116211, 0.020795464515686035, 0.03132009506225586, 0.041844695806503296, 0.052369341254234314, 0.06289395689964294, 0.07341858744621277, 0.08394321799278259, 0.09446783363819122, 0.10499246418476105, 0.11551707983016968, 0.1260417103767395, 0.13656634092330933, 0.14709095656871796, 0.15761558711528778, 0.1681402027606964, 0.17866483330726624, 0.18918946385383606, 0.19971409440040588, 0.21023871004581451, 0.22076332569122314, 0.23128795623779297, 0.2418125867843628, 0.2523372173309326, 0.26286184787750244, 0.2733864486217499, 0.2839110791683197, 0.2944357097148895]}, "gradients/nn.epoch_encoder.feature_extractor.0.weight": {"_type": "histogram",