{"train_loss": 0.6074448823928833, "train_acc": 0.8125, "train_f1": 0.7890625, "epoch": 9, "trainer/global_step": 11199, "_timestamp": 1717676514.9454157, "_runtime": 819.6632306575775, "_step": 251, "val_loss": 1.0440795421600342, "val_acc": 0.7305222153663635, "val_f1": 0.7125681638717651, "gradients/nn.clf.bias": {"_type": "histogram", "values": [1.0, 0.0, 0.0, 0.0, 0.0, 0.0, 0.0, 0.0, 0.0, 0.0, 0.0, 0.0, 0.0, 0.0, 0.0, 0.0, 0.0, 1.0, 0.0, 0.0, 0.0, 0.0, 0.0, 0.0, 1.0, 0.0, 0.0, 0.0, 0.0, 0.0, 0.0, 0.0, 0.0, 0.0, 0.0, 0.0, 0.0, 0.0, 0.0, 0.0, 0.0, 0.0, 0.0, 1.0, 0.0, 0.0, 0.0, 0.0, 0.0, 0.0, 0.0, 0.0, 0.0, 0.0, 0.0, 0.0, 0.0, 0.0, 0.0, 0.0, 0.0, 0.0, 0.0, 1.0], "bins": [-0.02876652032136917, -0.027804560959339142, -0.026842601597309113, -0.025880642235279083, -0.024918682873249054, -0.023956723511219025, -0.022994764149188995, -0.022032804787158966, -0.021070845425128937, -0.020108886063098907, -0.019146926701068878, -0.01818496733903885, -0.01722300983965397, -0.01626105047762394, -0.01529909111559391, -0.014337131753563881, -0.013375172391533852, -0.012413213029503822, -0.011451253667473793, -0.010489294305443764, -0.009527334943413734, -0.008565375581383705, -0.007603416219353676, -0.0066414568573236465, -0.0056794993579387665, -0.004717539995908737, -0.003755580633878708, -0.0027936212718486786, -0.0018316619098186493, -0.00086970254778862, 9.22568142414093e-05, 0.0010542161762714386, 0.002016175538301468, 0.002978134900331497, 0.0039400942623615265, 0.004902053624391556, 0.005864012986421585, 0.006825972348451614, 0.007787931710481644, 0.008749891072511673, 0.009711850434541702, 0.010673807933926582, 0.011635767295956612, 0.012597726657986641, 0.01355968602001667, 0.0145216453820467, 0.015483604744076729, 0.016445564106106758, 0.017407523468136787, 0.018369482830166817, 0.019331442192196846, 0.020293401554226875, 0.021255360916256905, 0.022217318415641785, 0.023179277777671814, 0.024141237139701843, 0.025103196501731873, 0.026065155863761902, 0.02702711522579193, 0.02798907458782196, 0.02895103394985199, 0.02991299331188202, 0.03087495267391205, 0.03183691203594208, 0.03279887139797211]}, "gradients/nn.clf.weight": {"_type": "histogram", "values": [1.0, 0.0, 0.0, 0.0, 0.0, 0.0, 0.0, 0.0, 0.0, 0.0, 0.0, 0.0, 1.0, 0.0, 0.0, 0.0, 0.0, 0.0, 0.0, 1.0, 1.0, 2.0, 1.0, 2.0, 0.0, 5.0, 3.0, 6.0, 4.0, 12.0, 16.0, 12.0, 20.0, 33.0, 62.0, 112.0, 152.0, 364.0, 728.0, 256.0, 114.0, 41.0, 33.0, 20.0, 15.0, 8.0, 4.0, 2.0, 2.0, 1.0, 2.0, 2.0, 0.0, 0.0, 1.0, 0.0, 0.0, 0.0, 0.0, 0.0, 0.0, 0.0, 0.0, 1.0], "bins": [-0.29075443744659424, -0.2830921411514282, -0.2754298448562622, -0.2677675783634186, -0.26010528206825256, -0.25244298577308655, -0.24478070437908173, -0.2371184229850769, -0.2294561266899109, -0.22179383039474487, -0.21413154900074005, -0.20646926760673523, -0.1988069713115692, -0.1911446750164032, -0.18348239362239838, -0.17582011222839355, -0.16815781593322754, -0.16049551963806152, -0.1528332382440567, -0.14517095685005188, -0.13750866055488586, -0.12984636425971985, -0.12218408286571503, -0.1145218014717102, -0.10685950517654419, -0.09919720888137817, -0.09153492748737335, -0.08387264609336853, -0.07621034979820251, -0.0685480535030365, -0.06088577210903168, -0.053223490715026855, -0.045561209321022034, -0.03789891302585602, -0.030236631631851196, -0.022574350237846375, -0.014912053942680359, -0.007249757647514343, 0.0004125237464904785, 0.0080748051404953, 0.015737101435661316, 0.02339939773082733, 0.031061679124832153, 0.038723960518836975, 0.04638625681400299, 0.054048553109169006, 0.06171083450317383, 0.06937311589717865, 0.07703541219234467, 0.08469770103693008, 0.0923599898815155, 0.10002227872610092, 0.10768456757068634, 0.11534685641527176, 0.12300914525985718, 0.1306714415550232, 0.13833372294902802, 0.14599600434303284, 0.15365830063819885, 0.16132059693336487, 0.1689828783273697, 0.1766451597213745, 0.18430745601654053, 0.19196975231170654, 0.19963203370571136]}, "gradients/nn.epoch_encoder.feature_extractor.4.weight": {"_type": "histogram", "values": [1.0, 0.0, 0.0, 1.0, 0.0, 0.0, 0.0, 2.0, 0.0, 0.0, 1.0, 2.0, 2.0, 3.0, 3.0, 3.0, 1.0, 7.0, 4.0, 12.0, 8.0, 10.0, 23.0, 25.0, 27.0, 34.0, 48.0, 59.0, 67.0, 86.0, 105.0, 108.0, 123.0, 194.0, 174.0, 206.0, 242.0, 249.0, 233.0, 208.0, 179.0, 118.0, 102.0, 99.0, 93.0, 84.0, 59.0, 39.0, 37.0, 25.0, 21.0, 17.0, 13.0, 16.0, 6.0, 5.0, 1.0, 4.0, 2.0, 3.0, 1.0, 2.0, 1.0, 2.0], "bins": [-0.12952397763729095, -0.12636145949363708, -0.12319894880056381, -0.12003643810749054, -0.11687391996383667, -0.1137114018201828, -0.11054889112710953, -0.10738638043403625, -0.10422386229038239, -0.10106134414672852, -0.09789883345365524, -0.09473632276058197, -0.0915738046169281, -0.08841128647327423, -0.08524877578020096, -0.08208626508712769, -0.07892374694347382, -0.07576122879981995, -0.07259871810674667, -0.0694362074136734, -0.06627368927001953, -0.06311117112636566, -0.05994866043329239, -0.056786149740219116, -0.05362363159656525, -0.05046111345291138, -0.047298602759838104, -0.04413609206676483, -0.04097357392311096, -0.03781105577945709, -0.03464854508638382, -0.03148603439331055, -0.028323523700237274, -0.025161005556583405, -0.021998494863510132, -0.01883598417043686, -0.01567346602678299, -0.01251094788312912, -0.009348437190055847, -0.0061859264969825745, -0.003023408353328705, 0.0001391097903251648, 0.0033016204833984375, 0.00646413117647171, 0.00962664932012558, 0.012789163738489151, 0.015951678156852722, 0.019114192575216293, 0.022276706993579865, 0.025439221411943436, 0.028601735830307007, 0.03176425024867058, 0.03492676466703415, 0.03808927908539772, 0.04125179350376129, 0.04441430792212486, 0.047576822340488434, 0.050739336758852005, 0.053901851177215576, 0.05706436559557915, 0.06022688001394272, 0.06338939070701599, 0.06655190885066986, 0.06971442699432373, 0.072876937687397]}, "gradients/nn.epoch_encoder.feature_extractor.4.bias": {"_type": "histogram", "values": [1.0, 0.0, 0.0, 0.0, 0.0, 0.0, 0.0, 1.0, 0.0, 0.0, 0.0, 0.0, 0.0, 0.0, 1.0, 0.0, 0.0, 0.0, 0.0, 0.0, 0.0, 0.0, 0.0, 0.0, 0.0, 0.0, 0.0, 0.0, 0.0, 0.0, 0.0, 0.0, 1.0, 0.0, 0.0, 0.0, 0.0, 0.0, 0.0, 1.0, 0.0, 0.0, 0.0, 0.0, 1.0, 0.0, 0.0, 0.0, 0.0, 0.0, 0.0, 1.0, 0.0, 0.0, 0.0, 0.0, 0.0, 0.0, 0.0, 0.0, 0.0, 0.0, 0.0, 1.0], "bins": [-0.08226016163825989, -0.08083482831716537, -0.07940948754549026, -0.07798415422439575, -0.07655881345272064, -0.07513348013162613, -0.07370814681053162, -0.0722828060388565, -0.070857472717762, -0.06943213939666748, -0.06800679862499237, -0.06658146530389786, -0.06515613198280334, -0.06373079121112823, -0.06230545789003372, -0.06088012084364891, -0.0594547837972641, -0.05802944675087929, -0.056604109704494476, -0.05517877638339996, -0.05375343933701515, -0.05232810229063034, -0.05090276896953583, -0.049477431923151016, -0.048052094876766205, -0.04662675783038139, -0.04520142078399658, -0.04377608746290207, -0.04235075041651726, -0.040925413370132446, -0.03950008004903793, -0.03807474300265312, -0.03664940968155861, -0.0352240726351738, -0.033798735588788986, -0.03237340226769447, -0.030948065221309662, -0.02952272817492485, -0.028097394853830338, -0.026672057807445526, -0.025246720761060715, -0.023821383714675903, -0.022396046668291092, -0.02097071334719658, -0.019545376300811768, -0.018120039254426956, -0.016694702208042145, -0.015269367955625057, -0.013844030909240246, -0.012418693862855434, -0.010993358679115772, -0.00956802349537611, -0.008142686448991299, -0.006717349402606487, -0.005292014218866825, -0.0038666781038045883, -0.0024413419887423515, -0.0010160058736801147, 0.00040933024138212204, 0.0018346663564443588, 0.0032600024715065956, 0.004685338586568832, 0.006110674701631069, 0.007536010816693306, 0.008961346931755543]}, "gradients/nn.epoch_encoder.feature_extractor.0.weight": {"_type": "histogram",