{"train_loss": 1.1448910236358643, "train_acc": 0.4375, "train_f1": 0.33114033937454224, "epoch": 1, "trainer/global_step": 1549, "_timestamp": 1717674530.7796247, "_runtime": 143.76827478408813, "_step": 34, "val_loss": 1.457296371459961, "val_acc": 0.5141022205352783, "val_f1": 0.39441511034965515, "_wandb": {"runtime": 145}}