{"train_loss": 1.697787880897522, "train_acc": 0.25, "train_f1": 0.1944444477558136, "epoch": 0, "trainer/global_step": 99, "_timestamp": 1717678074.8398514, "_runtime": 109.8130943775177, "_step": 29, "val_loss": 1.426636815071106, "val_acc": 0.5054454207420349, "val_f1": 0.3829055726528168, "test_loss": 1.2300595045089722, "test_acc": 0.5519696474075317, "test_f1": 0.4196362793445587, "test_ck": 0.11980951577425003, "test_pr": 0.35687360167503357, "test_rc": 0.5519696474075317, "_wandb": {"runtime": 109}}